"PLAKA","VALIDATORNO","SKPVARMI","SKPSERINO"
"FU416","6,648","0",""
"DA7456","6,649","1",""
"DA7279","6,650","0","370"
"VF617","6,651","1","488"
"DB4805","6,652","0","500"
"DB3976","6,653","0",""
"DB5370","6,654","0",""
"ALV891","6,655","0",""
"DB3480","6,656","0","358"
"UK568","6,657","1","1262"
"UE833","6,658","1","327"
"DB6474","6,659","0",""
"AS8190","6,660","0",""
"SE723","6,661","",""
"DB6477","6,024","1",""
"ELK99","6,025","1","163"
"DB6464","6,026","1",""
"EMN32","6,027","1","168"
"DB6462","6,028","1",""
"RV226","6,029","1","192"
"CO1 RC877","9,569","0",""
"DB4794","6,166","0",""
"PY854","6,167","0",""
"UF804","6,168","",""
"DB2831","6,169","1",""
"V2120","6,170","1","177"
"AS8139","6,171","0",""
"DB7927","7,594","0",""
"DB7762","7,595","0",""
"DB7768","7,596","0",""
"DB7741","7,597","1",""
"DB7940","7,598","0",""
"DB7931","7,599","0",""
"DB7934","7,600","0",""
"DB6917","7,601","0",""
"DB7941","7,602","0",""
"DB8209","7,603","0",""
"DB8291","7,604","0",""
"DB8278","7,605","0",""
"HN445","7,226","1","3938"
"CO3 YS241","9,577","0",""
"DML16","2,188","",""
"DA8069","7,008","",""
"DA7460","7,010","",""
"YZ080","7,011","1","1195"
"SE723","7,012","0",""
"DA8071","7,013","",""
"SF102","7,014","1","1258"
"CI ZK8623","9,011","",""
"V3731","7,015","1","1333"
"DB4811","7,016","1","1306"
"DB3495","7,017","1","1248"
"DB5378","7,018","1",""
"DB5258","7,019","1",""
"RY122","7,020","",""
"DB4628","7,021","1","1246"
"DB4623","7,022","1","1272"
"DB6231","7,023","1",""
"DB2850","7,024","",""
"HN292","7,025","",""
"DA5403","6,155","1",""
"Y8313","6,156","1","824"
"DA7462","6,157","0",""
"DB3499","6,159","1",""
"BKJ45","6,160","1","3362"
"CTP69","6,161","",""
"EK436","6,162","1",""
"LL068","6,163","1",""
"HF773","6,164","1","193"
"VZ223","6,165","1","3718"
"CI ED673","9,054","0",""
"FE562","6,030","1","905"
"YS294","6,031","1","972"
"LE785","6,032","1","356"
"DB4620","6,033","1",""
"U0632","6,034","1","407"
"ADD334","6,035","0",""
"CNF86","6,036","",""
"DB4195","6,037","1",""
"V3379","6,038","1","3190"
"FU401","6,039","1",""
"DA7580","6,040","1","184"
"DB3488","6,041","0",""
"HN298","6,042","1","175"
"ELZ22","6,043","1","167"
"ELZ15","6,044","1",""
"CZS72","6,045","1",""
"V2177","6,046","1","1000"
"DB4616","6,644","0",""
"LV084","6,645","1","3395"
"DB3304","6,646","0",""
"ADD296","6,647","0",""
"SE097","9,402","",""
"EL378","6,619","1","1396"
"SE323","9,406","",""
"R0863","6,949","1","3786"
"DB6472","7,246","0",""
"DA7289","7,247","1",""
"ELZ05","7,248","1","3304"
"VZ712","7,249","1","1445"
"DB2835","7,250","1",""
"DC4688","7,251","",""
"DB3472","7,252","1","373"
"RC919","7,253","1","968"
"DC4691","7,256","",""
"DA5787","7,257","0",""
"DA7557","7,258","0","1437"
"AS8162","6,809","0",""
"CYZ31","6,810","1","3983"
"AOD005","6,811","0",""
"CLZ21","6,812","1","3706"
"LV023","6,813","1","3751"
"DB5967","6,814","0",""
"UC610","6,815","1","497"
"CO DC4692","7,618","",""
"DB7581","7,606","0",""
"DB8248","7,607","0",""
"DB8257","7,608","0",""
"DB8623","7,609","0",""
"DB8620","7,610","0",""
"DB8626","7,611","0",""
"DB8636","7,612","0",""
"DB8648","7,613","0",""
"DB8639","7,614","0",""
"DB8655","7,615","0",""
"FD502","7,720","",""
"DA7840","7,730","",""
"DC5048","7,742","",""
"V3400","7,532","1","3197"
"R0864","7,533","1","3783"
"DA7457","7,534","1",""
"DD1614","7,535","0",""
"AS8069","7,536","0",""
"UF844","7,537","",""
"AS8296","7,538","",""
"UF854","7,539","",""
"CI DA8071","9,035","",""
"SE627","7,540","0",""
"CTP57","7,541","1","1332"
"UF867","7,542","",""
"AS8296","7,543","0",""
"EL279","7,544","1","706"
"CO DC5048","9,515","",""
"CO DC7582","9,524","0",""
"CO DA7461","9,542","",""
"CI DA8080","9,046","",""
"CO1 DA8070","9,552","",""
"CO1 YS253","9,563","0",""
"ESHOT-TEST ID3","1,828","",""
"CO1 ED673","9,560","0",""
"SE795","9,409","",""
"SE046","9,401","",""
"CO DB5386","7,856","0",""
"PV262","6,816","1","321"
"ANA570","6,817","0",""
"EMN34","6,818","1","425"
"ELZ04","6,819","1","364"
"FE611","6,820","1","3120"
"DA5782","6,821","0",""
"DB2858","6,822","1",""
"ED652","6,823","1","441"
"DA7589","6,824","0",""
"YS264","6,825","0",""
"R2817","6,441","1",""
"DB4621","6,442","",""
"LN642","6,443","1","1082"
"P2464","6,444","1","3337"
"PV228","6,445","1","3312"
"DB3484","6,446","0",""
"P5854","6,447","0",""
"DB3348","6,448","0",""
"DB3199","6,449","0",""
"DA7996","6,450","",""
"EMN45","7,115","1","1370"
"UE834","7,460","1","3765"
"SE120","9,403","",""
"EFH16","7,293","1","380"
"R0848","7,294","1","337"
"DB4785","7,295","1",""
"DB4194","7,296","1",""
"R4707","7,297","1","3171"
"DC5050","7,298","",""
"DC5052","7,299","1",""
"34BJF953","7,300","",""
"DC5053","7,301","",""
"RY108","7,302","1","605"
"DRB02","7,303","",""
"AS7939","7,469","0",""
"DTF57","7,304","",""
"DTF14","7,305","",""
"DB4629","7,328","1",""
"EK184","7,329","1","1191"
"ADD317","7,330","0",""
"Y2528","7,331","1","1199"
"DB4812","7,333","0","1252"
"DB3496","7,334","1","1255"
"R5089","7,335","1","1269"
"Y2733","7,336","1","1223"
"DB5275","7,337","0",""
"DB4192","7,338","1",""
"ELZ11","7,271","1","3301"
"R4754","7,272","1","3169"
"VR225","7,273","1","0"
"DB5274","7,275","1",""
"CSA93","7,276","",""
"YZ092","7,277","1","402"
"DB2852","7,278","",""
"UC716","7,279","",""
"PY860","7,280","1","0"
"V3380","7,281","1","3212"
"P5825","7,282","1","1216"
"YS255","7,116","1","1237"
"DA7902","7,117","1","1368"
"DA6159","7,118","1","1210"
"ADD304","7,119","0",""
"CLZ12","7,120","1","3711"
"RC877","7,121","",""
"U8128","7,122","1","3628"
"HN386","7,123","1","0"
"DA4176","7,124","1",""
"DA4174","7,125","1","1172"
"DB2857","6,903","0",""
"DB8280","6,904","0",""
"DA8068","6,905","1",""
"Y0832","6,906","1","448"
"CYT38","6,907","0",""
"DB3486","6,908","0",""
"DB4804","6,909","0","454"
"ACG392","6,911","0",""
"P6074","7,341","1","1303"
"PE560","7,342","1","1302"
"RC875","7,343","1","3510"
"CO DA8080","9,546","",""
"DB5380","7,344","0",""
"U3908","7,345","1","1320"
"PE204","7,346","1","1300"
"R2793","7,347","1","3527"
"DB5273","7,348","0",""
"DB2845","7,349","1",""
"DA7462","7,350","",""
"BKJ33","7,351","1","963"
"DA8068","7,352","",""
"DB6229","7,353","0",""
"DB2849","7,354","0",""
"YZ084","7,355","1","3796"
"KU681","7,356","1","3732"
"SF105","7,357","1","3790"
"VZ701","7,358","1","1176"
"U6553","6,255","1","1001"
"PV328","6,256","1","3137"
"DB6212","6,257","1","957"
"DB6215","6,258","1",""
"PE406","6,259","1","3993"
"DB4622","6,261","1","940"
"AOD102","7,427","0",""
"CO2 RC877","9,570","0",""
"TS146","6,262","1","942"
"DB3497","6,263","0",""
"DB5975","7,283","0",""
"DA7551","7,284","",""
"DB3974","7,285","0",""
"DA6140","7,286","1","970"
"ELZ14","7,287","1","164"
"DB6223","7,289","0",""
"DB4202","7,290","0",""
"HF717","7,291","1","909"
"DB4792","7,292","0",""
"DB2856","6,559","1",""
"SF169","6,560","0",""
"LL095","6,564","1","693"
"HF737","6,566","1","911"
"DA7288","6,567","0","990"
"P5001","6,568","1","3973"
"DB5247","6,569","0",""
"HF745","6,571","1","609"
"EFH81","6,572","1","3793"
"ALV899","7,429","0",""
"CI DC4692","9,012","0",""
"AOY552","7,679","0",""
"DHB83","2,780","",""
"CI DC7570","9,016","0",""
"HN292","6,011","",""
"V2216","6,012","1","204"
"YS261","6,013","1","176"
"ED655","6,014","1","3666"
"DA5434","6,015","",""
"BVM28","6,016","1","201"
"EMN48","6,017","1","170"
"ED687","6,018","1","787"
"R2825","6,019","1","950"
"EMN40","6,020","1","3950"
"YZ095","6,021","1","1093"
"U0551","6,022","1","3320"
"DB3251","6,023","0",""
"CI DC4692","7,617","",""
"CI DC7577","7,621","",""
"CI DC5051","7,619","",""
"CO DC4690","9,505","0",""
"CO DC4687","9,510","",""
"AOD083","6,699","0",""
"CO DC5049 ","9,514","",""
"DML43","7,461","",""
"DHB75","7,436","",""
"CI DC4687","9,010","",""
"UH506","6,074","1","964"
"CI DC4694","9,003","0",""
"CI DC7578","9,007","0",""
"ELZ13","7,507","0",""
"DB2841","7,625","1",""
"CO DB5385","7,851","0",""
"DA4183","7,288","1",""
"CO2 DA8068","9,548","",""
"P6475","6,633","1","929"
"AOY521","7,693","0",""
"DA4162","7,873","",""
"DA0401","7,659","",""
"DA2811","7,666","",""
"DA2780","7,663","",""
"KN364","7,662","1","387"
"CO DC7576","9,504","0",""
"CO DC4691","9,509","0",""
"DA0326","7,651","",""
"SE037","7,652","0",""
"CDC358","7,653","",""
"DA0350","7,654","",""
"DA2806","7,664","0",""
"CO2 DA7284","9,551","",""
"CI RC877","9,057","0",""
"CO1 DA7284","9,550","",""
"CI DA7996","9,052","",""
"CO2 DA8070","9,553","",""
"DA7284","6,003","",""
"R0865","6,004","1","3726"
"Y2379","6,005","1",""
"DB5255","6,006","1",""
"RV233","6,007","1","3692"
"U0633","6,008","1","1428"
"DB5971","6,009","1",""
"DA7780","6,010","0",""
"AS7981","7,316","0",""
"LE842","7,317","1","1101"
"DC4690","7,318","1",""
"SE120","7,319","0",""
"VZ551","7,320","1",""
"ADD342","7,321","0",""
"VZ721","7,322","1","3762"
"ADD276","7,323","0",""
"DB2837","7,324","0",""
"Y0522","7,325","1","1266"
"DB3494","7,326","1",""
"Y0607","7,327","",""
"YS258","6,047","1",""
"CO1 DA7996","9,554","",""
"KN592","7,698","1","473"
"RC874","6,048","1",""
"DA5728","6,049","1",""
"EE473","6,050","1","3344"
"DB3487","6,051","1",""
"R4947","6,052","1","0"
"ELK97","6,053","1","162"
"DB4788","6,054","1",""
"R0850","6,055","1","3730"
"DB5254","6,056","",""
"R2751","6,057","1","103"
"R0839","6,058","1","3782"
"DA8076","6,059","1",""
"DB6467","6,060","1",""
"V3372","6,061","1","3181"
"LN609","6,062","1","359"
"R4667","6,063","1","3165"
"DB3248","6,064","0",""
"DB5382","6,066","1",""
"DB5377","6,067","0",""
"HN283","6,068","1","212"
"LV152","6,069","1","1463"
"CI DC5051","1,900","",""
"CI DC4693","9,002","0",""
"CI DC7573","9,001","0",""
"CO DC4694","9,503","0",""
"CI DC4690","9,005","0",""
"CO DC4693","9,502","0",""
"CI DC4691","9,009","0",""
"HF770","6,551","1","907"
"YS274","6,260","1","3674"
"CO DC4686","9,528","0",""
"CO DA8081","9,539","",""
"CI DA7454","9,044","",""
"CI DB4808","7,702","0",""
"AS8123","6,070","0",""
"DB2855","6,072","1","1443"
"RT580","6,073","1","3449"
"U0657","6,075","1","409"
"DB3982","6,076","0",""
"DB4619","6,077","0",""
"ALV853","6,078","0",""
"DB6222","6,079","0","1459"
"DB4791","6,080","0",""
"AOC971","6,081","0",""
"Y2795","6,082","1","3461"
"Y2205","6,083","1","3466"
"PY850","6,084","1","3309"
"R4586","6,085","1","3163"
"RY117","6,086","1","430"
"LN607","6,087","1","358"
"U0278","6,089","1","210"
"DB3983","6,090","1",""
"YZ079","6,091","1","934"
"Y2346","6,092","1","3465"
"RY138","7,112","0",""
"DA3696","6,180","1",""
"EE458","6,181","1","3349"
"HN258","6,182","",""
"PE611","6,183","",""
"DA4182","6,184","",""
"V2211","6,185","1","470"
"KC416","6,186","1",""
"EE474","6,187","1","3343"
"DB5987","6,173","1",""
"DB3243","6,174","0",""
"V3396","6,175","1","3203"
"DA7284","6,188","1",""
"P5757","6,189","1","3316"
"EL274","6,190","1","3969"
"EFH78","6,191","1","3792"
"DA4184","6,192","1",""
"ED669","6,193","1","3354"
"EE468","6,194","1","195"
"DA5430","6,195","0",""
"DA7745","6,196","1",""
"V3377","6,197","1","3189"
"R2786","6,198","1","403"
"DB4210","6,199","1",""
"DB5986","6,200","0","178"
"RY107","6,201","1","1466"
"LV211","6,202","1","370"
"RV228","6,203","1","438"
"V3404","6,204","1","3202"
"RC871","6,205","1","1456"
"PY847","6,206","1","3310"
"DA8077","6,209","1",""
"Y2374","6,210","1",""
"DB3971","6,211","1",""
"EMN32","6,212","",""
"ELK99","6,214","",""
"KC326","6,215","1","3287"
"U1529","6,216","1","208"
"DA6148","6,217","1","1010"
"SF142","6,218","1","3737"
"P2524","6,219","1","179"
"V3406","6,220","",""
"CO DC7584","9,522","0",""
"EK131","6,223","1","3334"
"DB4201","6,224","0",""
"R5017","6,225","1","3230"
"KC412","6,226","1",""
"ED662","6,207","1","3356"
"U1215","6,208","1","3319"
"Y2378","6,233","1",""
"DB5364","6,234","1",""
"DA7748","6,235","1",""
"Y1667","6,236","1","3467"
"LV214","6,237","0",""
"CYH40","6,238","1","3339"
"DB4206","6,239","1",""
"R4868","6,240","1","3231"
"DB3491","6,241","1",""
"R0877","6,242","1","949"
"V3449","6,243","1","3325"
"DB3490","6,244","1",""
"DA3683","6,245","1","188"
"PV319","6,247","1","3138"
"U7496","6,248","",""
"DML50","7,431","",""
"DB3977","6,727","0",""
"DA8082","6,093","1",""
"DB4209","6,094","1",""
"DB6478","6,095","0",""
"DB3980","6,096","0",""
"PY851","6,097","1","3308"
"DB5988","6,098","1","203"
"U0475","6,099","1","165"
"DB4784","6,100","",""
"CYD67","6,101","1","3342"
"FE616","6,102","1","3119"
"DB4787","6,103","1",""
"DB3493","6,104","1",""
"LE751","6,105","1","355"
"CYM21","6,106","1","3456"
"SF119","6,107","1","3788"
"CYJ98","6,108","",""
"CYJ98","6,109","1","3457"
"R0879","6,110","1","3785"
"ADD327","6,111","0",""
"R2759","6,112","1",""
"DB6220","6,113","1",""
"CO DC5053","9,521","0",""
"R0857","6,114","1","777"
"PV218","6,115","1","3313"
"VF618","6,116","1","3817"
"V3399","6,117","1","3187"
"DB4618","6,118","1","197"
"EK135","6,119","1","3333"
"06JTF43","6,120","0",""
"DB3981","6,121","1",""
"V4357","6,122","1","3323"
"YZ077","6,123","1","382"
"VZ720","6,124","1",""
"PE611","6,125","0",""
"R0859","6,126","1","3727"
"DB3476","6,128","1","637"
"YZ096","6,129","1",""
"DB4807","6,130","0","738"
"DB3975","6,132","1",""
"DB5960","6,133","1","954"
"KN293","6,134","1","3405"
"DA7459","6,135","1",""
"FD792","6,136","1",""
"ED665","6,137","1","3355"
"P5759","6,138","1","3315"
"ED682","6,139","1","795"
"DC4688","6,140","0",""
"DB4198","6,141","1",""
"DB3492","6,142","",""
"DA7286","6,143","1",""
"ED684","6,144","1","797"
"EL373","6,145","1","3152"
"V3763","6,147","1","1185"
"VV074","6,149","1","1395"
"DTF96","6,150","",""
"CLZ15","6,151","",""
"DB5365","6,152","0",""
"DB6458","6,153","1",""
"UH592","6,154","1","899"
"PE225","6,148","1","1318"
"DA5792","6,176","1",""
"EE483","6,177","1","709"
"DB3296","6,178","0",""
"DB4211","6,179","0",""
"HN292","7,437","1","209"
"DA3714","6,308","1","1036"
"KC318","6,309","1","1028"
"PE530","6,310","1","1045"
"FE592","6,311","1","916"
"DA6149","6,312","",""
"EMN46","6,313","1","1054"
"V2139","6,314","1","996"
"EL261","6,315","1","985"
"ELZ07","6,316","1","3127"
"P5929","6,317","1","1013"
"YS295","6,318","1","1048"
"DA3689","6,319","1","200"
"CNF66","6,320","1","3385"
"DB3967","6,321","1",""
"ADD336","6,322","0",""
"V2133","6,323","1","971"
"EL246","6,324","1","0"
"DB3501","6,325","0",""
"PE532","6,326","1","1012"
"P5831","6,327","1","986"
"DB3458","6,337","1",""
"CO DA8071","9,535","",""
"UH505","6,338","1","0"
"DB2859","6,339","1",""
"PV216","6,340","1","3314"
"AS8062","6,341","0",""
"ADD298","6,342","0",""
"DB5376","6,343","0",""
"DB4205","6,344","0",""
"DB4610","6,345","0",""
"DB5269","6,346","1",""
"DB3969","6,347","1",""
"DB4612","6,348","1","943"
"DB3468","6,349","1","992"
"PE574","6,350","1","1011"
"DB5270","6,351","1",""
"DB5964","6,352","0",""
"EMN37","6,353","1","1115"
"YZ102","6,354","1","938"
"DA3932","6,383","",""
"DB5374","6,384","1",""
"HF714","6,385","1",""
"BEJ69","6,386","1","3700"
"DB4200","6,387","0",""
"R4943","6,388","1","937"
"AS7864","6,389","0",""
"EE493","6,390","1","3659"
"ADD331","6,391","0",""
"SF097","6,392","1","3739"
"YS291","6,394","1","1047"
"DA7291","6,395","1","1122"
"UH571","6,396","1","897"
"UH598","6,397","1","987"
"DB2848","6,398","1",""
"PE449","6,399","1","3990"
"DA5434","6,400","1",""
"PE556","6,401","0",""
"P5914","6,402","1",""
"ELZ01","6,403","1","912"
"DB5956","6,355","0","1063"
"DB4611","6,356","1","1003"
"SE795","6,357","0",""
"DB3466","6,358","",""
"DB4621","6,506","1","198"
"VZ708","6,359","1","930"
"ED683","6,360","1","715"
"DB3471","6,361","0","1073"
"KC325","6,362","1","913"
"UH593","6,363","1","1097"
"FD717","6,364","1","982"
"PE410","6,365","1","3992"
"DA7787","6,366","",""
"BVK79","6,367","1",""
"DB5262","6,368","1",""
"DB5266","6,369","0",""
"DA7596","6,370","1","1009"
"V2148","6,371","1","1116"
"DB5271","6,372","1",""
"DA7994","6,373","1",""
"DA3932","6,374","1","1052"
"ADD248","6,375","0",""
"DB6461","6,376","0",""
"CNF63","6,377","1","1104"
"ADD258","6,378","0",""
"PE662","6,379","1",""
"CO DC5052","9,508","",""
"UH599","6,380","1","994"
"VF663","6,381","1","889"
"FD212","6,382","1","1019"
"DB5965","6,410","1",""
"BKJ31","6,411","1","3365"
"DB3970","6,412","0",""
"CNF62","6,413","1",""
"LL043","6,414","1","962"
"DB6460","6,416","0",""
"LL022","6,417","1","961"
"V2158","6,419","1","1030"
"EL271","6,420","1","1121"
"DB6465","6,421","1",""
"UK547","6,422","1","991"
"AS8398","6,423","0",""
"VF672","6,424","1","0"
"DA8075","6,425","1","968"
"DB4199","6,426","1",""
"PV292","6,427","1","998"
"HN404","6,404","1","0"
"ALV870","6,405","0",""
"CI DC7584","9,022","0",""
"BEJ60","6,249","1",""
"R4684","6,250","1","3167"
"LN618","6,227","1","181"
"EE470","6,228","1","3345"
"DB3489","6,229","1",""
"DA3700","6,230","",""
"DA4183","6,231","",""
"U0658","6,232","1","1459"
"DB4213","6,251","0",""
"Y8366","6,252","1","3681"
"DA3677","6,253","",""
"EK281","6,254","0",""
"PV309","6,265","1","997"
"PV341","6,266","1","0"
"DB3500","6,267","1","921"
"P6318","6,268","1","0"
"R4947","6,269","",""
"DB3460","6,270","1","1070"
"DB5958","6,271","0",""
"R4936","6,272","1","1002"
"DB4204","6,273","1",""
"RV224","7,419","1","985"
"U0946","6,274","1","3519"
"R0846","6,275","1","3729"
"PV346","6,276","1","0"
"Y1202","6,277","",""
"DA7458","6,278","1","1076"
"DB6457","6,279","0",""
"ALV859","6,280","0",""
"DB5268","6,281","1",""
"ELZ02","6,282","1","908"
"ALV787","6,283","0",""
"KC325","6,284","",""
"ELZ03","6,285","1","0"
"CSA84","6,286","1","2997"
"RC920","6,288","1","967"
"HN324","6,289","1","906"
"V2117","6,290","1","992"
"DA6149","6,291","0",""
"ELL02","6,292","",""
"ELK98","6,293","1","903"
"KN492","6,294","1","3403"
"FD513","6,295","1",""
"CO DC7577","7,622","",""
"ADB818","6,296","0",""
"Y8342","6,297","1","973"
"P5943","6,298","",""
"KC347","6,299","1","1006"
"ADD322","6,300","",""
"DA7790","6,328","1",""
"EE507","6,329","1","1014"
"V2141","6,330","1","1037"
"DB5272","6,331","",""
"AS8036","6,332","0",""
"DB5267","6,333","0",""
"R2795","6,334","1","1109"
"DB3464","6,335","0","1064"
"DB3469","6,336","0",""
"DA7598","6,301","1","1044"
"SE287","6,302","0",""
"P5896","6,303","1","1016"
"HN312","6,304","1","1007"
"ELZ09","6,305","",""
"P5992","6,306","1","0"
"FE583","6,307","1","914"
"DHB76","7,428","1","1857"
"FE580","6,406","1","1034"
"DA7278","6,407","0","442"
"DA7788","6,408","0","969"
"Y1072","6,409","",""
"CNF73","6,438","1","1105"
"CZK26","6,439","1","955"
"EFH06","6,440","1","3377"
"VZ705","6,428","1","0"
"Y9974","6,429","0",""
"DD1618","6,430","0",""
"BKJ38","6,431","1","1135"
"AS8100","6,432","0",""
"SF144","6,433","1","1114"
"EK411","6,434","1","0"
"V1242","6,435","1","947"
"ADD281","6,436","0",""
"U3909","6,437","1","1079"
"TZ781","6,465","1","944"
"PE660","6,466","1","1043"
"LE783","6,467","1","1113"
"DA7538","6,468","1","85"
"CO DC4688","9,529","",""
"DK378","6,540","1","684"
"VZ016","6,541","0",""
"FE834","6,542","1",""
"DA4056","6,543","1","815"
"DB2770","6,544","0",""
"DB2806","6,545","0",""
"DB6219","6,546","1",""
"P5785","6,547","1","3963"
"LV268","6,548","1","309"
"LL102","6,549","1","3516"
"P5419","6,550","1","948"
"U3887","6,552","0",""
"FU411","6,553","0",""
"DD1608","6,556","0",""
"CNF79","6,532","1","3380"
"DB2840","6,533","0","613"
"DB3973","6,534","0",""
"ALV797","6,535","0",""
"PE310","6,588","1","790"
"EE475","6,589","1","791"
"AOC910","6,590","0",""
"Y0607","7,650","1","1267"
"DD1602","6,591","0",""
"FT005","6,592","1","3978"
"ED685","6,593","1","784"
"RC929","6,594","1","792"
"DA4030","6,595","0","809"
"DA7463","6,596","1","1209"
"Y2375","6,597","1",""
"DA7454","6,598","",""
"DB3297","6,600","0",""
"ADD316","6,601","0",""
"Y8286","6,602","1","696"
"DB3310","6,603","0",""
"V2200","6,604","1","783"
"DB5973","6,605","1","639"
"DB3246","6,573","0",""
"U3903","6,574","1","956"
"KN524","6,575","1","601"
"FU399","6,576","1","695"
"LL129","6,577","1","3715"
"P4431","6,579","1","3974"
"V3433","6,580","1","3186"
"CI DC4686","9,028","0",""
"VZ707","6,581","0",""
"V2209","6,582","1","808"
"EE486","6,583","0",""
"KC379","6,584","1","651"
"R4856","6,585","1","3166"
"DA5411","6,586","0",""
"DA5405","6,587","0",""
"LV245","6,622","",""
"DB4217","6,623","0",""
"ELK93","6,624","1","772"
"ELZ16","6,625","1","807"
"EL241","6,626","0",""
"V2208","6,627","0",""
"P5788","6,628","1","804"
"RV219","6,629","1","3511"
"V2207","6,630","1","698"
"P5786","6,631","1","3962"
"EE480","6,632","1","798"
"FT909","6,634","1","796"
"Y8338","6,635","0",""
"FT798","6,637","1","802"
"HF757","6,469","1","1108"
"YZ095","6,470","",""
"LE766","6,471","1","1102"
"LN622","6,472","1","362"
"U3919","6,473","1","960"
"R0868","6,475","1","1081"
"AS8205","6,476","0",""
"VZ716","6,477","1","1107"
"EFH09","6,478","1","3376"
"LV963","6,479","1","943"
"DB2761","6,480","0",""
"PE373","6,481","1","3995"
"DB5375","6,482","1",""
"DB3462","6,483","1","1086"
"V3726","6,489","1","993"
"AOD068","6,490","0",""
"CZK27","6,491","1","936"
"DB3463","6,493","1",""
"P5795","6,494","1","0"
"DA7290","6,495","1","1046"
"DB5962","6,496","1","1088"
"CI DA8070","9,051","",""
"V2124","6,497","1","0"
"DB3203","6,498","0",""
"DB6214","6,499","1",""
"UH572","6,500","1","898"
"DB3470","6,484","0",""
"DB3465","6,485","0","1078"
"U7395","6,486","1","0"
"DB3964","6,487","1",""
"DA7993","6,488","0","958"
"V3436","6,501","1","1039"
"UF809","6,503","",""
"Y2402","6,504","1","3811"
"VZ395","6,505","1","615"
"R5211","6,507","1","3234"
"PV279","6,508","1","3959"
"KN371","6,509","1","655"
"LV059","6,510","1","644"
"LV067","6,511","1","3396"
"DB2687","6,512","0",""
"DB2805","6,513","0",""
"DB5969","6,514","0",""
"LL104","6,515","1","667"
"DA7454","6,516","0","610"
"DB2689","6,517","0",""
"YZ082","6,518","1","642"
"YS276","6,519","1","3673"
"ELZ21","6,520","1","166"
"U5679","6,521","0",""
"DB4793","6,522","1",""
"Y0625","6,523","1","3502"
"FU689","6,524","1","3979"
"HN358","6,525","0",""
"PE226","6,526","1","701"
"RV211","6,527","1","793"
"06JTF43","6,528","",""
"DA4059","6,529","0","818"
"FE796","6,530","0",""
"ED686","6,531","1","801"
"FE847","6,536","1","652"
"U3897","6,537","1","686"
"R4953","6,538","1","1321"
"DB2800","6,539","0",""
"P5842","6,474","1","0"
"LH409","6,708","1","771"
"FU420","6,709","1","685"
"CZU34","6,710","0",""
"DB5251","6,711","0",""
"DB4625","6,712","0","615"
"FU423","6,713","1","3368"
"V3430","6,714","1","3195"
"R0862","6,715","1","945"
"R2820","6,716","1","673"
"KN282","6,717","1","3404"
"EFH56","6,718","1","3741"
"DB4799","6,719","0","382"
"KN619","6,720","1","600"
"BKJ39","6,721","1","3363"
"DB3298","6,726","0",""
"ADD341","6,728","0",""
"R4866","6,729","1","639"
"UF834","6,730","1","1004"
"CYV19","6,732","1","618"
"KN504","6,733","1","3398"
"U3914","6,734","1","775"
"DB4784","7,547","1",""
"DB4218","6,735","0",""
"FE668","6,736","1","3942"
"V3452","6,723","0",""
"DB3483","6,724","0",""
"BKJ29","6,725","1","3367"
"HN378","6,737","1","773"
"FE836","6,738","1","776"
"EE476","6,739","1","785"
"DD1612","6,740","0",""
"Y2399","6,741","",""
"RC913","6,742","1","786"
"RV229","6,743","",""
"RV212","6,744","0",""
"PE332","6,745","1","778"
"RV232","6,746","1","657"
"DA4032","6,747","0","821"
"DA7787","6,748","0",""
"DB3280","6,749","0",""
"EMN38","6,750","0",""
"UE834","6,751","",""
"RC915","6,752","1","781"
"DA7806","7,661","1",""
"PE379","6,753","1","774"
"DA7550","6,754","0",""
"EL285","6,755","1","3636"
"P6073","6,756","1","493"
"EE516","6,757","1","423"
"DB6476","6,759","0",""
"DB3473","6,760","0","351"
"FD502","6,761","",""
"Y0559","6,762","1","445"
"UE836","6,763","1","469"
"DB4607","6,764","0",""
"EE499","6,768","1","3656"
"EK450","6,769","1","3153"
"DD1620","6,770","0",""
"U7708","6,771","1","3631"
"DA3704","6,772","1","984"
"DB5369","6,773","0",""
"ADD345","6,774","0",""
"DB5264","6,775","0",""
"ADD338","6,776","0",""
"DB5367","6,777","0",""
"CO DC4685","9,527","0",""
"CO3 RC891","9,574","0",""
"PV245","6,778","1","516"
"DB6224","6,779","0",""
"DA5759","6,780","0",""
"ELK91","6,781","1","3130"
"PV249","6,782","1","486"
"PV316","6,783","0",""
"R4732","6,784","1","467"
"EK223","6,785","1","345"
"ELK92","6,765","1","424"
"DA3698","6,766","0",""
"ELK96","6,767","1","3306"
"Y0486","6,791","1",""
"EL289","6,792","1","504"
"V2188","6,793","1","3669"
"ED659","6,794","1","3663"
"EE498","6,795","0",""
"EMN36","6,796","1","393"
"EFH48","6,797","1","3742"
"EE448","6,798","1","3351"
"HN356","6,799","1",""
"VZ314","6,800","0",""
"SE627","9,407","",""
"DD1611","6,801","0",""
"DA7552","6,802","1",""
"Y2416","6,803","1","392"
"Y2398","6,804","0",""
"DB5983","6,805","0",""
"CNF83","6,806","1","638"
"ED658","6,807","1","3664"
"UC623","6,808","1","386"
"P3056","6,786","1","514"
"P2989","6,787","1","412"
"ADD322","6,788","0",""
"U7810","6,789","1","480"
"V3420","6,790","1","3188"
"DA5829","6,826","",""
"HN283","6,827","",""
"R4720","6,828","1","3162"
"DB6463","6,829","0",""
"DA7549","6,830","0","496"
"ALV803","6,831","0",""
"LV008","6,832","1","3753"
"DB4214","6,833","0",""
"DA3702","6,561","1",""
"DA7840","6,639","",""
"DA7461","6,606","0","620"
"DB6468","6,607","0",""
"DB5966","6,608","0",""
"KN407","6,609","1","352"
"CNF71","6,610","1","3383"
"DA7461","6,611","",""
"AS8068","6,612","",""
"AS8072","6,613","0",""
"DA7548","6,614","0",""
"UK543","6,615","0",""
"EK279","6,618","1","3970"
"V3454","6,620","1","623"
"DB2839","6,621","0",""
"DA4065","6,640","0",""
"DA7832","6,641","0","665"
"ED690","6,642","1","782"
"DA8069","6,643","1","1400"
"DB5984","6,662","0","455"
"LV280","6,663","1","3391"
"DB3268","6,664","0",""
"DA7603","5,670","",""
"CO1 YS241","9,575","0",""
"DB6466","6,665","0",""
"DD1606","6,666","0",""
"DB5250","6,667","0",""
"DD1601","6,668","",""
"DB5981","6,669","0",""
"DB3475","6,670","0",""
"DB6226","6,671","0",""
"UC703","6,672","1","3773"
"DB5982","6,673","0",""
"SF092","6,674","1","3740"
"DA5765","6,675","0",""
"CYM68","6,676","1","416"
"DB4624","6,677","0",""
"ADD315","6,678","0",""
"DB5985","6,680","",""
"VF658","6,681","1","3814"
"DB2723","6,682","0",""
"DB6217","6,683","0",""
"BKJ30","6,684","1","3366"
"U2055","6,685","1","383"
"CI DC5048","9,015","",""
"DB5383","6,686","0",""
"DB6216","6,687","0","619"
"DB3309","6,688","0",""
"DB3214","6,689","0",""
"LE821","6,690","1","681"
"DB2688","6,691","0",""
"ADD324","6,692","0",""
"AS8221","6,693","0",""
"PV270","6,694","1","3960"
"ELZ12","6,695","1","708"
"ELK94","6,696","0",""
"BVM25","6,697","1","3471"
"PE266","6,698","1","803"
"RC927","6,700","1","794"
"EE481","6,701","1","788"
"FE466","6,702","1","720"
"DA7845","6,703","0","669"
"DA7996","6,704","1","1120"
"HN351","6,705","0",""
"KC384","6,706","1","806"
"DB2843","6,707","0",""
"CO DC7574","9,531","0",""
"U7961","6,834","1","3629"
"FU394","6,835","1","451"
"UE835","6,836","1","3771"
"UE832","6,837","1","474"
"P4225","6,838","",""
"DA7280","6,839","0","408"
"DB4806","6,840","0",""
"ALV885","6,841","0",""
"UK567","6,842","",""
"CKR17","6,843","1","315"
"DA7277","6,846","0",""
"DB4801","6,847","0",""
"EFH26","6,848","1","390"
"AOC930","6,849","0",""
"PY858","6,850","1","464"
"ALV781","6,851","0",""
"UE849","6,852","1","335"
"R4848","6,853","1","3161"
"DA3977","6,854","0","440"
"YZ094","6,855","1","3744"
"PV285","6,856","1","436"
"CO DB5972","7,850","0",""
"BEJ58","6,933","1","1429"
"DB2832","6,934","0","1464"
"U3898","6,935","1","1453"
"YS304","6,936","1","1433"
"V2180","6,937","0",""
"RY110","6,939","1","434"
"DB4790","6,940","1",""
"EK438","6,945","1","1435"
"DB6225","6,946","0","1068"
"LV174","6,947","1","485"
"RY098","6,948","0",""
"HF743","6,950","1","902"
"EK182","6,952","1",""
"DA7285","6,954","1","1461"
"DB5260","6,957","1",""
"PY865","6,958","1","3132"
"DC5049","6,959","1",""
"EMN43","6,960","1","3947"
"DB4190","6,961","1",""
"DB2843","6,962","",""
"HN356","6,941","",""
"DHB83","7,426","1","751"
"DA2809","7,665","0",""
"LN615","6,942","1","1439"
"R2802","6,943","1","1462"
"BVM19","6,944","1","1344"
"BKJ46","6,969","1","371"
"DB6227","6,970","0",""
"SF058","6,971","0",""
"LV233","6,972","1","3748"
"EFH71","6,973","1","1460"
"DB2842","6,974","0",""
"DB5263","6,975","0",""
"CNF44","6,976","1","1425"
"VF656","6,977","",""
"RA326","6,978","1","1174"
"HN397","6,964","",""
"DB5366","6,965","1",""
"DA8070","6,966","",""
"UC657","6,967","1","317"
"VP186","6,968","1","3633"
"U0951","7,004","1","1221"
"LN639","7,006","1",""
"SF114","7,007","1","1259"
"NA537","7,636","1","1253"
"AOY529","7,690","0",""
"DB5979","6,991","1","1241"
"ELZ19","6,992","1","1202"
"ELZ17","6,993","1","3954"
"UH514","6,994","1","1240"
"RC891","6,995","",""
"RT412","6,996","1","1177"
"V2217","6,997","1","3469"
"V3759","6,998","1","1227"
"DA8081","6,999","0",""
"EE510","7,000","1","1379"
"R2838","7,001","1","953"
"DC4687","7,002","1",""
"AS8173","7,003","0",""
"DD1607","7,045","0",""
"AS8128","7,046","0",""
"U0942","7,047","1","1323"
"V3755","7,048","1","1194"
"UF867","7,049","",""
"DB4212","7,050","",""
"CYT30","7,051","1","3652"
"DB4789","7,026","1","1334"
"CLZ15","7,471","1","3710"
"CI DB3498","7,707","0",""
"EK192","6,857","1","3639"
"LV011","6,858","1","462"
"ADD332","6,859","0",""
"DA7282","6,860","0","376"
"DA7281","6,861","0",""
"ADD330","6,862","0",""
"P5862","6,863","1","439"
"UK565","6,844","",""
"BEJ75","6,845","1","377"
"EE492","6,878","1","431"
"DA8088","6,879","0","433"
"DA3977","6,880","",""
"DA5776","6,881","0",""
"R4782","6,883","1","3168"
"YZ091","6,884","1","3747"
"DB5259","6,886","1",""
"DA7724","6,887","1","194"
"BEJ73","6,888","1","512"
"DD1609","6,889","0",""
"EU298","6,890","1","338"
"ALV752","6,891","0",""
"BEJ62","7,628","0",""
"CI DB4215","7,711","0",""
"RA487","6,892","1","458"
"EK191","6,893","1","3640"
"U1733","6,894","0",""
"EK245","6,895","1","415"
"PY856","6,896","1","426"
"UK556","6,897","1","3091"
"V3427","6,864","1","3192"
"VP451","6,865","1","463"
"DA7825","6,866","0","434"
"EC612","6,867","1","399"
"KC373","6,868","1","501"
"ELZ08","6,869","1","365"
"DA8071","6,870","1","1244"
"DB5963","6,871","1",""
"PV233","6,873","1","440"
"V3425","6,874","1","502"
"BKJ59","6,875","1","437"
"DA7802","6,876","0",""
"ALV817","6,877","0",""
"UE837","6,898","1","3769"
"DB4605","6,899","0",""
"CI DC5053","9,021","0",""
"DD1610","6,131","0",""
"KN595","6,900","1","3757"
"DB3482","6,901","0","410"
"V3422","6,902","1","3173"
"DA3972","6,912","0","446"
"DA7587","6,913","0",""
"DA3965","6,914","0","375"
"EE491","6,915","1","432"
"DB3478","6,916","0",""
"P5875","6,917","1","517"
"EL365","6,918","1","174"
"YS263","6,919","0",""
"DA5786","6,920","",""
"DB3474","6,921","0","353"
"DA7456","6,922","",""
"FU405","6,923","1","1452"
"DD1617","6,924","0",""
"Y0559","6,927","",""
"R4563","6,928","1","1436"
"EK151","6,930","1",""
"CYP98","6,931","1","1469"
"DA7460","6,932","1","1205"
"CI DC4689","9,053","0",""
"DA5357","7,098","1",""
"DB2838","7,099","1",""
"DA7865","7,100","1","1371"
"BVM27","7,101","1","1377"
"P5814","7,102","1","1347"
"YS292","7,103","1","1219"
"KC329","7,104","1","1204"
"DA5360","7,105","1",""
"EMN41","7,106","1","1211"
"HN443","7,107","1","1214"
"KN309","7,108","1","0"
"V3770","7,110","1","1265"
"ACH888","7,111","0",""
"YS241","7,113","",""
"FE719","7,114","1","1309"
"R2803","7,126","1","1310"
"DB5980","7,127","1","1247"
"DA5349","7,128","1",""
"EK236","7,129","1","1243"
"ED661","7,130","1","1351"
"DB2853","7,132","0",""
"DA0403","7,660","0",""
"BVM20","7,133","1","1374"
"DB5381","7,134","1",""
"DB4197","7,135","1",""
"BEJ81","7,136","1","3697"
"DB4609","7,137","0","382"
"DB3978","7,138","0",""
"EK445","7,139","1","381"
"DD1603","7,140","0",""
"V3421","7,141","1","314"
"DB3979","7,142","0",""
"DB5368","7,143","0",""
"DB5372","7,144","0",""
"DB3481","7,145","0","403"
"FU343","7,146","1","421"
"BEJ63","7,147","1","319"
"EK439","7,148","1","3156"
"FE619","7,149","1","368"
"DB2844","7,150","1",""
"VP619","7,151","0",""
"EMN04","7,152","1","3123"
"P3624","7,153","1","404"
"UC644","7,154","1","3803"
"P4149","7,155","1","3641"
"DB4800","7,156","0",""
"DD1604","7,157","",""
"R4916","7,158","1","3229"
"LV216","7,159","1","499"
"Y0600","7,160","1","513"
"RY116","7,161","0",""
"AS8013","7,163","0",""
"V3437","7,164","1","626"
"Y0489","7,167","0",""
"DB5254","7,168","0",""
"CSR57","7,169","",""
"CLZ06","7,170","0",""
"EE496","7,171","1","3658"
"V3718","7,172","1","310"
"DB3479","7,173","1","413"
"U0773","7,174","1","3522"
"R4789","7,175","1","3236"
"DB6473","7,176","0",""
"DA7840","6,562","0","819"
"CO2 RC891","9,573","0",""
"DB4608","7,177","0",""
"EL371","7,178","1","3328"
"DB5265","7,179","0",""
"DB2830","7,180","1",""
"DB2851","7,181","0",""
"BKJ52","7,182","1","308"
"CZC99","7,183","1","3980"
"YZ093","7,184","1","3745"
"DB3477","7,165","0",""
"DB4601","7,166","0","472"
"Y0558","7,206","0",""
"R5213","7,207","1","3237"
"VP736","7,208","1","1183"
"DD1605","7,209","0",""
"PY870","7,210","1","1188"
"RT869","7,211","1","1184"
"U5961","7,212","1","1232"
"YZ085","7,213","1","1331"
"DA7864","7,214","1","1361"
"DA5361","7,215","1",""
"FU252","7,216","1","1392"
"DA0367","7,655","0",""
"FU610","7,217","1","1342"
"EL390","7,218","1","1381"
"FT950","7,219","1","1346"
"FE612","7,220","1","1357"
"EMN42","7,221","1","1358"
"ELZ18","7,222","1","1367"
"V2236","7,223","1","1352"
"EK216","7,185","1","3638"
"FE862","7,186","1","94"
"V3418","7,187","1","3176"
"DB3485","7,188","0",""
"P3742","7,189","1","385"
"EE465","7,190","1","3347"
"LV131","7,191","1","346"
"DB4602","7,192","0",""
"DB4603","7,193","0","372"
"R5141","7,194","1","3239"
"V3419","7,195","1","3201"
"V3760","7,196","1","3191"
"V3413","7,197","1","3200"
"KC418","7,198","1","178"
"DB6459","7,472","1",""
"DB3961","7,027","1",""
"DB5977","7,028","1",""
"DA6147","7,029","",""
"DB6479","7,030","1",""
"EMN49","7,031","1","1356"
"DA6171","7,032","1","1350"
"CYZ81","7,033","1","1193"
"FD810","7,034","1","1170"
"DB6480","7,035","1",""
"DB5256","7,036","1",""
"BVM23","7,037","1","0"
"DC9801","7,038","0",""
"ED660","7,039","1","3662"
"V3772","7,040","1","3205"
"DB5379","7,041","1",""
"YZ070","7,042","1","1328"
"ELZ09","7,043","1","1008"
"AS7948","7,044","0",""
"DB5959","7,052","1","1326"
"DB5279","7,053","1",""
"DB6230","7,054","1","1335"
"RA331","6,158","1","1319"
"DB4813","7,055","1","1297"
"SF113","7,056","1","1274"
"U7008","7,057","1","1175"
"DB4786","7,058","",""
"DB5278","7,059","1",""
"DB4191","7,060","1",""
"DD1613","7,061","0",""
"EMN44","7,062","1","3946"
"FT944","7,063","1","1341"
"KC295","7,064","1","1201"
"ED673","7,065","",""
"DA6158","7,066","1","1197"
"Y0511","7,067","1",""
"DA4140","7,068","1","1218"
"PY859","7,069","1","1222"
"DA4155","7,070","1","1196"
"DB3972","7,071","1",""
"R2783","7,072","1","1312"
"DB6228","7,073","1","1238"
"KC308","7,074","1","1234"
"DB5978","7,076","1","1260"
"CI DA7457","9,041","",""
"DB3960","7,077","1",""
"DB4196","7,078","1",""
"DB4606","7,079","0","400"
"DB4803","7,080","0",""
"DA7588","7,081","0","477"
"EE460","7,082","1","3348"
"R5114","7,083","1","1316"
"CYZ10","7,084","1","427"
"Y2401","7,085","1","1178"
"V3409","7,086","1","1315"
"V3739","7,087","1","1256"
"R0842","7,088","1","1186"
"LL121","7,089","1","1189"
"SF172","7,090","1","1330"
"R5041","7,091","1","1200"
"R5073","7,092","1","1270"
"FU386","7,093","1","3515"
"DA7459","7,094","",""
"U0953","7,095","1","1159"
"CNF02","7,096","1","1181"
"RT395","7,097","1","1207"
"CI DB5972","7,700","0",""
"ADE382","7,811","0",""
"U6223","7,199","0",""
"VZ860","7,200","1","611"
"P5886","7,201","1","3625"
"AS8193","7,202","0",""
"AS8166","7,203","0",""
"U6801","7,204","1","1180"
"RT618","7,205","1","1224"
"EMN47","7,225","1","1378"
"KC309","7,227","1","1366"
"EMN39","7,228","1","1301"
"DA4179","7,229","0","1340"
"P5813","7,230","1","1220"
"DB3963","7,231","1",""
"PE440","7,232","",""
"HN415","7,233","1","1212"
"UF866","7,234","",""
"DA7852","7,235","1","1383"
"PE440","7,236","1","1353"
"RV223","7,237","1","1339"
"AOD127","7,238","0",""
"DB3467","7,670","0","941"
"SE723","9,408","",""
"U3899","7,462","0",""
"RC921","7,463","1","1029"
"V3949","7,464","1","3324"
"CZB59","7,465","1","515"
"DB4203","7,468","1",""
"V3727","7,470","",""
"U2182","7,473","1","1198"
"EFH73","7,474","1","1426"
"SE097","7,475","0",""
"DRB68","7,476","",""
"DTF28","7,477","",""
"DB3984","7,478","0",""
"DC5050","7,479","1",""
"DC7582","7,480","",""
"PV295","7,481","1","0"
"Y8020","7,423","1","697"
"RA329","7,424","1","3689"
"BVM30","7,425","1","1375"
"test eshot","7,430","0",""
"DD1619","7,433","0",""
"DA5363","7,434","0",""
"DA8079","7,435","1","1472"
"HF779","7,440","1","1106"
"P5851","7,441","1","1026"
"DB4796","7,443","1",""
"KN355","7,444","1","29"
"NL080","7,496","1","3372"
"U3890","7,497","1","1430"
"Y0590","7,498","",""
"LV221","7,499","",""
"DC4694","7,500","",""
"DB3498","7,501","",""
"DB5261","7,502","0",""
"ADD310","7,503","0",""
"DA7551","7,504","0","603"
"DB5968","7,505","0",""
"DB6481","7,494","1",""
"DB5976","7,131","1","1311"
"CO DC7578","9,507","0",""
"CO DC7573","9,501","0",""
"EE452","7,239","1","3350"
"DB3962","7,240","1",""
"DB4212","7,241","1",""
"EE489","7,242","1","3459"
"ALV741","7,243","0",""
"KN436","7,244","1","3759"
"DB5371","7,245","0",""
"VZ702","7,259","1","1422"
"DTF70","7,260","",""
"DB2846","7,261","1",""
"DB2847","7,262","",""
"DA0392","7,263","0",""
"ED670","7,264","1","183"
"DB5366","7,265","",""
"EMN33","7,266","1","169"
"DA7287","7,267","1","187"
"DA7995","7,268","1",""
"FE865","7,269","1","0"
"N6952","7,270","0",""
"LV202","7,307","1","369"
"CNF81","7,308","1","3379"
"CI DC7582 ","9,024","0",""
"CO DB3498","7,857","0",""
"DA7820","7,309","",""
"ADD339","7,310","0",""
"FE479","7,311","1",""
"VF717","7,312","1","1329"
"DB3966","7,313","1",""
"KC390","7,314","1",""
"FU414","7,315","1","422"
"U1605","7,339","1","1345"
"YS293","7,340","1","1362"
"DB4810","7,360","1",""
"YZ089","7,361","1","3794"
"DA8078","7,362","1","189"
"FE874","7,363","1","171"
"SE290","7,364","0",""
"R2834","7,365","1","952"
"ELZ10","7,366","1","3302"
"DB3457","7,367","1",""
"DA8073","7,359","0",""
"LE817","7,369","1","357"
"DB4797","7,370","0",""
"DB6221","7,371","0",""
"HN349","7,667","1","910"
"DA2821","7,668","",""
"UF864","7,373","",""
"DD1616","7,374","0",""
"HN418","7,375","1","1354"
"VF668","7,377","1","1438"
"DA8070","7,378","1",""
"DB2854","7,379","0",""
"DB4614","7,405","1","186"
"DB5252","7,407","0",""
"PV232","7,408","1",""
"DB3985","7,409","0",""
"EL394","7,410","1","3327"
"KN344","7,411","1","214"
"RY126","7,412","1","1419"
"Y2591","7,413","1","3463"
"VZ704","7,414","1","927"
"KN428","7,415","1","350"
"DB4208","7,416","0",""
"DA7283","7,417","1",""
"LN641","7,418","1",""
"HN395","7,422","1","3292"
"CO DA7463","9,543","",""
"DB4600","7,380","0",""
"PV248","7,381","1","495"
"UE850","7,383","1","3768"
"V3423","7,384","1","3175"
"LE858","7,385","1","915"
"VZ774","7,386","1","0"
"CNF76","7,387","1","3381"
"DC4689","7,388","",""
"DC4687","7,389","",""
"DB3972","7,616","",""
"DA5786","6,925","0",""
"CO DC5051","9,506","",""
"DB4604","7,495","0","373"
"CI DA7460","9,036","",""
"CI DA7461","9,042","",""
"DML49","7,432","1","1803"
"AOD031","7,459","0",""
"DA8072","7,656","0","1208"
"DA0373","7,657","0",""
"CO DB4809","7,860","0",""
"DA0392","7,658","",""
"CI DA7284","9,050","",""
"CO2 DA7996","9,555","",""
"CO3 YS253","9,565","0",""
"DC4693","7,390","",""
"DC4685","7,391","",""
"EK440","7,392","1","419"
"RY120","7,393","1","433"
"ELZ06","7,394","1","366"
"AS7865","7,395","0",""
"DC4686","7,396","",""
"DC4692","7,397","",""
"DB4627","7,398","1","1299"
"AS7984","7,399","0",""
"DB3965","7,400","1",""
"DB4798","7,402","1","953"
"V3736","7,404","1","1074"
"YS228","7,545","",""
"DA5374","7,546","0",""
"P2884","7,548","1","1471"
"SF152","7,550","1","1450"
"AS7965","7,551","0",""
"AS8106","7,552","0",""
"UF869","7,553","",""
"UF873","7,554","",""
"CTP46","7,555","",""
"CTP67","7,556","",""
"Y1202","7,699","1","932"
"DC5048","6,065","1",""
"DC7573","7,483","",""
"V3740","7,484","1","3198"
"DC7578","7,485","",""
"AS8137","7,486","0",""
"DB5277","7,487","1",""
"KN419","7,488","1","202"
"DB5257","7,489","1",""
"Y8305","7,490","1","185"
"DC7583","7,491","",""
"Y8301","7,492","1","449"
"CI DC4685","9,027","0",""
"CO DC5054","9,530","0",""
"CO DC7572","9,532","0",""
"CI DC7572","9,032","0",""
"CO DA7462","9,533","",""
"DB4795","7,528","1",""
"R2788","7,529","1","1427"
"Y0639","7,530","1",""
"DB4617","7,531","0","1465"
"DA7455","7,509","1","601"
"DB5249","7,510","0",""
"DB5387","7,511","0",""
"DB5246","7,512","0",""
"DB5245","7,513","0",""
"V3720","7,514","1","3180"
"DA8080","7,515","0",""
"DB5384","7,516","0",""
"U0772","7,517","1","411"
"SE323","7,518","0",""
"KN623","7,519","1","3402"
"DB6470","7,520","1",""
"DB3972","7,521","",""
"DA7455","7,778","",""
"ADE428","7,814","0",""
"Y1072","7,842","",""
"CO DB4215","7,861","0",""
"DA4162","7,872","",""
"DB5373","7,990","1",""
"ESHOT-TEST ID1","7,995","",""
"CTP38","7,557","",""
"DA6147","7,558","0","972"
"AS8182","7,559","0",""
"LN624","7,560","1","363"
"AS8307","7,561","0",""
"CSA90","7,562","",""
"DA7795","7,563","1","917"
"CSA89","7,564","",""
"ALV767","7,565","0",""
"DB2708","7,566","0",""
"DB2801","7,567","0",""
"DB2704","7,568","0",""
"DB2795","7,569","0",""
"SE046","7,570","0",""
"DD1615","7,574","0",""
"DB4626","7,575","0",""
"R5105","7,577","1","1179"
"DB6201","7,580","0",""
"DB6205","7,581","0",""
"DB6181","7,582","0",""
"DB6249","7,583","0",""
"DB6179","7,584","0",""
"DB6144","7,585","0",""
"DB6311","7,586","0",""
"DB7764","7,587","0",""
"DB6290","7,588","0",""
"DB6310","7,589","0",""
"DB6313","7,591","0",""
"DB6475","7,592","0",""
"DB7736","7,593","1","830"
"DA6128","7,576","",""
"VZ803","6,979","1","1417"
"YS230","6,980","",""
"CO DC4692","9,512","0",""
"EE490","6,981","1","1380"
"DB4216","6,982","0",""
"DA8081","6,983","",""
"DB5970","6,985","0",""
"EE488","6,986","1","1349"
"R2767","6,987","1","3528"
"CNF70","6,988","1","3384"
"DA4028","6,989","1","820"
"DA7463","6,990","",""
"V3712","7,445","1","3177"
"DB5989","7,446","1",""
"DB4207","7,447","1",""
"DC7579","7,448","",""
"DC7581","7,449","",""
"DB2847","7,450","1",""
"CNF90","7,451","1","379"
"DC7576","7,452","",""
"DC7574","7,453","",""
"DC7569","7,454","",""
"EFH57","7,456","1","1440"
"DB5248","7,457","0",""
"EL276","7,458","1","823"
"SF160","6,000","1",""
"DB6213","6,001","0","1058"
"DB5363","6,002","1",""
"DB5276","7,522","1",""
"LL072","7,523","1","1431"
"DA7779","7,524","1",""
"LL076","7,525","1","1451"
"CYH02","7,526","1","1434"
"R2815","7,527","1","3525"
"EMN32","6,213","",""
"DA5829","7,991","",""
"CI DC5047","9,017","0",""
"CO3 ED673","9,562","0",""
"AOY522","7,686","0",""
"BEJ82","6,722","1","483"
"CO DC5047","9,517","0",""
"CO DC7580","9,519","0",""
"CI DC7580","9,019","0",""
"CO DC7571","9,518","0",""
"CI DC7571","9,018","0",""
"CI DC7569","9,013","",""
"CI DC7579","9,023","0",""
"CO DC7569","9,513","",""
"CO DC7579","9,523","0",""
"CO ZK8623","9,511","",""
"CO DC7570","9,516","0",""
"CI DC7569","9,026","0",""
"CI DC7574","9,031","0",""
"CI DC4688","9,029","",""
"CI DA7462","9,033","",""
"CO DA7459","9,534","",""
"CO DA7460","9,536","",""
"CO DA8068","9,538","",""
"CO DA8069","9,540","",""
"CI DA7463","9,043","",""
"CI DA7455","9,045","",""
"CO DA7455","9,545","",""
"YS241","6,415","",""
"CI DC5051","9,006","",""
"CI DC5049","9,014","",""
"CI DC7583","9,025","0",""
"CO DA8072","9,537","",""
"CI DA8068","9,038","",""
"CI DA8081","9,039","",""
"DA4162","6,872","1","1384"
"CI DB5385","7,701","0",""
"CO DB4808","7,852","0",""
"DA2830","7,669","",""
"CI YS253","9,055","0",""
"CO2 YS253","9,564","0",""
"SE287","9,404","",""
"SE037","9,400","",""
"AOC955","6,758","0",""
"CO DA7454","9,544","",""
"CO DA8082","9,547","",""
"CI DA8082","9,047","",""
"CO3 RC877","9,571","0",""
"CO3 YS230","9,568","0",""
"CO2 YS230","9,567","0",""
"CO1 YS230","9,566","0",""
"CI RC891","9,058","0",""
"CO1 RC891","9,572","0",""
"CI YS241","9,059","0",""
"CO2 YS241","9,576","0",""
"CI YS228","9,060","0",""
"CO1 YS228","9,578","0",""
"CO3 YS228","9,580","0",""
"DA7788","7,467","",""
"DA0343","7,629","0",""
"DRB64","7,840","",""
"FD502","7,633","1","1465"
"CI DB6471","7,705","0",""
"CO DB6471","7,855","0",""
"CI DB5386","7,706","0",""
"P5943","6,127","1",""
"DB2802","7,109","0",""
"CI DC7576","9,004","0",""
"V2190","7,620","1","3668"
"CO DC7583","9,525","0",""
"CI DC5054","9,030","0",""
"CI DA7459","9,034","",""
"CI DA8072","9,037","",""
"CO DA7457","9,541","",""
"CO DC4689","9,556","0",""
"CO2 ED673","9,561","0",""
"SE290","9,405","",""
"CI YS230","9,056","0",""
"CO DB4615","7,858","0",""
"CI DB6218","7,709","0",""
"CI DB4809","7,710","0",""
"CI DC5052","9,008","",""
"DA8074","6,451","1","180"
"DB4613","6,452","1","1062"
"DB3459","6,453","0",""
"ALV822","6,454","0",""
"DB6954","6,455","0",""
"DB7584","6,456","0",""
"DB7232","6,457","0",""
"DB3461","6,458","1","1060"
"DB6974","6,459","0",""
"HF775","6,460","0",""
"DB3968","6,462","1",""
"DB5961","6,463","1","1085"
"DA7288","6,464","",""
"CI DB6469","7,704","0",""
"DB3466","7,624","1",""
"DB2836","7,626","1",""
"CO DC7569","9,526","0",""
"VF656","6,393","1","3815"
"AOR566","7,677","0",""
"AOY518","7,692","0",""
"AOY507","7,672","0",""
"AOY528","7,685","0",""
"CI DB5974","7,712","0",""
"AOY503","7,691","0",""
"ACH948","7,803","0",""
"CO DB6469","7,854","0",""
"AOY516 ","7,676","0",""
"Y1072","6,418","1","933"
"ACG343","7,806","0",""
"CO DB5974","7,853","0",""
"UK560","6,554","1","1263"
"ACH888","7,805","",""
"CI DA8081","7,703","",""
"AOY573","7,674","0",""
"ACG334","7,817","0",""
"V3406","6,616","1","3207"
"DD1601","7,820","0",""
"AOY511","7,689","0",""
"ADE475","7,816","0",""
"AOY508","7,680","0",""
"AOY526","7,675","0",""
"AOY594 ","7,678","0",""
"ADE361","7,813","0",""
"BEJ66","7,162","1","1901"
"VF712","6,264","1","1092"
"AOY512","7,694","0",""
"CLZ17","7,382","1","3709"
"DA7831","6,172","1",""
"AOY505 ","7,682","0",""
"CO2 YS228","9,579","0",""
"ACG392","7,809","",""
"R4928","7,800","1","443"
"AOY527 ","7,681","0",""
"CO DB6218","7,859","0",""
"DA4182","6,071","0",""
"AOY502","7,684","0",""
"AOY515","7,687","0",""
"DC7577","7,802","1",""
"AOY525","7,683","0",""
"DC7581","7,801","1",""
"ABT776","7,804","0",""
"CI DB4615","7,708","0",""
"ACG362","7,807","0",""
"ADE524","7,812","0",""
"ACH928","7,808","0",""
"AOY517","7,673","0",""
"ACH899","7,810","0",""
"DA7820","7,306","0",""
"ADH256","7,815","0",""
"DB5253","6,088","1",""
"AOY517","7,688","0",""
